{"Mean":{"confidence_interval":{"confidence_level":0.95,"lower_bound":-0.12464732883481529,"upper_bound":-0.06879153348290272},"point_estimate":-0.09793814288656488,"standard_error":0.014313052194377505},"Median":{"confidence_interval":{"confidence_level":0.95,"lower_bound":-0.11947972152137377,"upper_bound":-0.0649460662180874},"point_estimate":-0.10245407961657305,"standard_error":0.01610754723450785}}