{"Mean":{"confidence_interval":{"confidence_level":0.95,"lower_bound":-0.01577531042630624,"upper_bound":0.027491700634940233},"point_estimate":0.002762666778637124,"standard_error":0.011479262282182517},"Median":{"confidence_interval":{"confidence_level":0.95,"lower_bound":-0.01786350859005026,"upper_bound":-0.00602883236319951},"point_estimate":-0.012267272431164211,"standard_error":0.00294446071328974}}