{"Mean":{"confidence_interval":{"confidence_level":0.95,"lower_bound":5238.455340409292,"upper_bound":5445.770280920451},"point_estimate":5317.873992153808,"standard_error":55.76733594278424},"Median":{"confidence_interval":{"confidence_level":0.95,"lower_bound":5206.447624262471,"upper_bound":5268.427799093129},"point_estimate":5242.451305366465,"standard_error":16.717547557819326},"MedianAbsDev":{"confidence_interval":{"confidence_level":0.95,"lower_bound":117.26584855352428,"upper_bound":194.28642543958114},"point_estimate":142.38507149656718,"standard_error":20.630624330178435},"Slope":{"confidence_interval":{"confidence_level":0.95,"lower_bound":5250.981179968273,"upper_bound":5315.4490059693635},"point_estimate":5282.364852711375,"standard_error":16.43437611088556},"StdDev":{"confidence_interval":{"confidence_level":0.95,"lower_bound":154.47423359735618,"upper_bound":932.8916814686945},"point_estimate":560.9643779004042,"standard_error":264.77399080343474}}