{"Mean":{"confidence_interval":{"confidence_level":0.95,"lower_bound":5455.519510984921,"upper_bound":5530.737037742336},"point_estimate":5491.720381761179,"standard_error":19.210758417529714},"Median":{"confidence_interval":{"confidence_level":0.95,"lower_bound":5409.965408805031,"upper_bound":5489.23306010929},"point_estimate":5447.836810725117,"standard_error":22.05087019192551},"MedianAbsDev":{"confidence_interval":{"confidence_level":0.95,"lower_bound":110.22417355862133,"upper_bound":188.98960793154583},"point_estimate":148.27228196878067,"standard_error":20.030691685435684},"Slope":{"confidence_interval":{"confidence_level":0.95,"lower_bound":5467.202587078296,"upper_bound":5528.78450692189},"point_estimate":5498.128477923912,"standard_error":15.749766028075467},"StdDev":{"confidence_interval":{"confidence_level":0.95,"lower_bound":146.98028698891642,"upper_bound":240.77401224517013},"point_estimate":193.0228360108241,"standard_error":24.399835829475833}}