{"Mean":{"confidence_interval":{"confidence_level":0.95,"lower_bound":0.047604292298099635,"upper_bound":0.10874711429164284},"point_estimate":0.07948956839864074,"standard_error":0.015712284866555435},"Median":{"confidence_interval":{"confidence_level":0.95,"lower_bound":0.04618829652754435,"upper_bound":0.12241122228626478},"point_estimate":0.09008629671900548,"standard_error":0.019409754121110703}}