{"Mean":{"confidence_interval":{"confidence_level":0.95,"lower_bound":-0.08759804757269696,"upper_bound":-0.04625988162416563},"point_estimate":-0.06544733051516194,"standard_error":0.010549765474200874},"Median":{"confidence_interval":{"confidence_level":0.95,"lower_bound":-0.05595998232056587,"upper_bound":-0.029069011732344996},"point_estimate":-0.04174646089162204,"standard_error":0.006946371872686252}}