{"Mean":{"confidence_interval":{"confidence_level":0.95,"lower_bound":3931277.4931792566,"upper_bound":3999527.975547121},"point_estimate":3959835.3410968166,"standard_error":17690.10371591685},"Median":{"confidence_interval":{"confidence_level":0.95,"lower_bound":3907705.1428571427,"upper_bound":3953123.5202702703},"point_estimate":3923484.9619565215,"standard_error":9941.246043982224},"MedianAbsDev":{"confidence_interval":{"confidence_level":0.95,"lower_bound":60386.15565119271,"upper_bound":97931.23417434108},"point_estimate":75240.39337626132,"standard_error":9503.4895672779},"Slope":{"confidence_interval":{"confidence_level":0.95,"lower_bound":3913958.6620998,"upper_bound":3945458.183726204},"point_estimate":3929294.567545441,"standard_error":8051.506279533404},"StdDev":{"confidence_interval":{"confidence_level":0.95,"lower_bound":79622.69125030065,"upper_bound":278779.71858918824},"point_estimate":177655.36537254252,"standard_error":64243.597477466305}}