{"Mean":{"confidence_interval":{"confidence_level":0.95,"lower_bound":10093.323427321699,"upper_bound":10621.423876553345},"point_estimate":10292.324873832398,"standard_error":143.454539766094},"Median":{"confidence_interval":{"confidence_level":0.95,"lower_bound":9990.327963917525,"upper_bound":10130.183437773734},"point_estimate":10050.764241201943,"standard_error":38.035344388519185},"MedianAbsDev":{"confidence_interval":{"confidence_level":0.95,"lower_bound":196.87717989268526,"upper_bound":346.0252975667454},"point_estimate":257.20806410307625,"standard_error":36.83030169169554},"Slope":{"confidence_interval":{"confidence_level":0.95,"lower_bound":10108.365363215531,"upper_bound":10378.354170705074},"point_estimate":10229.21958034671,"standard_error":69.0834966035113},"StdDev":{"confidence_interval":{"confidence_level":0.95,"lower_bound":304.2890738201101,"upper_bound":2399.604690937433},"point_estimate":1435.7267805120182,"standard_error":696.3692040518151}}