{"Mean":{"confidence_interval":{"confidence_level":0.95,"lower_bound":864238.6308236946,"upper_bound":901187.3546062394},"point_estimate":881962.049548385,"standard_error":9424.92496245263},"Median":{"confidence_interval":{"confidence_level":0.95,"lower_bound":837092.1701030928,"upper_bound":897225.6904761905},"point_estimate":870765.127055703,"standard_error":14627.015635315895},"MedianAbsDev":{"confidence_interval":{"confidence_level":0.95,"lower_bound":71170.10173530453,"upper_bound":110475.22237055129},"point_estimate":98032.32004105925,"standard_error":10642.290415722868},"Slope":{"confidence_interval":{"confidence_level":0.95,"lower_bound":850481.951810785,"upper_bound":882705.5289949},"point_estimate":865725.2116639575,"standard_error":8212.959434493376},"StdDev":{"confidence_interval":{"confidence_level":0.95,"lower_bound":71311.54427182772,"upper_bound":121521.43207738175},"point_estimate":94803.00740791568,"standard_error":13619.892252677912}}