{"Mean":{"confidence_interval":{"confidence_level":0.95,"lower_bound":526543.8537658518,"upper_bound":553264.7703742065},"point_estimate":537711.1021271856,"standard_error":6955.789191838563},"Median":{"confidence_interval":{"confidence_level":0.95,"lower_bound":516980.5737704918,"upper_bound":528067.340425532},"point_estimate":524379.9219333022,"standard_error":3004.2358855102866},"MedianAbsDev":{"confidence_interval":{"confidence_level":0.95,"lower_bound":14665.952340821137,"upper_bound":25720.860015345046},"point_estimate":21426.596120501606,"standard_error":2819.677604468376},"Slope":{"confidence_interval":{"confidence_level":0.95,"lower_bound":525312.55878197,"upper_bound":549617.9981505006},"point_estimate":536158.7296689819,"standard_error":6228.666326247753},"StdDev":{"confidence_interval":{"confidence_level":0.95,"lower_bound":22983.097811176664,"upper_bound":111508.21433935902},"point_estimate":70316.35489032697,"standard_error":25802.382754335136}}