{"Mean":{"confidence_interval":{"confidence_level":0.95,"lower_bound":-0.07759132849759875,"upper_bound":-0.010784572370724806},"point_estimate":-0.04779045379642988,"standard_error":0.01668636651137007},"Median":{"confidence_interval":{"confidence_level":0.95,"lower_bound":-0.056330893234740054,"upper_bound":-0.03563691574871395},"point_estimate":-0.0454189976149747,"standard_error":0.005277728851792669}}