{"Mean":{"confidence_interval":{"confidence_level":0.95,"lower_bound":1670272.8919696056,"upper_bound":1708579.4094125764},"point_estimate":1687826.438846273,"standard_error":9784.54395567331},"Median":{"confidence_interval":{"confidence_level":0.95,"lower_bound":1648868.2272727273,"upper_bound":1675805.125},"point_estimate":1662405.0462962962,"standard_error":5954.699362499943},"MedianAbsDev":{"confidence_interval":{"confidence_level":0.95,"lower_bound":34974.38925711886,"upper_bound":61346.61342443642},"point_estimate":49915.653563187014,"standard_error":6964.257037931335},"Slope":{"confidence_interval":{"confidence_level":0.95,"lower_bound":1661755.2639715543,"upper_bound":1693321.281288763},"point_estimate":1676636.9756612976,"standard_error":8035.549187076566},"StdDev":{"confidence_interval":{"confidence_level":0.95,"lower_bound":58514.32425215481,"upper_bound":136403.1036011622},"point_estimate":98704.07234864363,"standard_error":20328.644846577507}}