{"Mean":{"confidence_interval":{"confidence_level":0.95,"lower_bound":5861705.631191701,"upper_bound":6119874.014776029},"point_estimate":5962885.189275349,"standard_error":68993.44971275706},"Median":{"confidence_interval":{"confidence_level":0.95,"lower_bound":5811135.666666667,"upper_bound":5865849.347826087},"point_estimate":5842457.270855615,"standard_error":13303.50914057389},"MedianAbsDev":{"confidence_interval":{"confidence_level":0.95,"lower_bound":107932.44922923739,"upper_bound":193368.03529930353},"point_estimate":155907.94817629489,"standard_error":20951.27958891475},"Slope":{"confidence_interval":{"confidence_level":0.95,"lower_bound":5832025.338286675,"upper_bound":5935430.321612112},"point_estimate":5878247.514145116,"standard_error":26527.751006638504},"StdDev":{"confidence_interval":{"confidence_level":0.95,"lower_bound":192059.64749118724,"upper_bound":1145627.1674253757},"point_estimate":696110.9295565432,"standard_error":312021.15404605446}}