{"Mean":{"confidence_interval":{"confidence_level":0.95,"lower_bound":735416.1267819403,"upper_bound":757992.1793151487},"point_estimate":744484.3108790463,"standard_error":5920.431864108852},"Median":{"confidence_interval":{"confidence_level":0.95,"lower_bound":730356.9333333333,"upper_bound":736831.0490196078},"point_estimate":732864.8726547842,"standard_error":1891.2359475011465},"MedianAbsDev":{"confidence_interval":{"confidence_level":0.95,"lower_bound":9519.684830383147,"upper_bound":15980.458318234008},"point_estimate":11514.493640399623,"standard_error":1676.0164481821548},"Slope":{"confidence_interval":{"confidence_level":0.95,"lower_bound":732046.093963838,"upper_bound":739327.0899231503},"point_estimate":735535.6626451899,"standard_error":1861.8993637418557},"StdDev":{"confidence_interval":{"confidence_level":0.95,"lower_bound":17367.197558860094,"upper_bound":96417.44684644208},"point_estimate":59514.65419826414,"standard_error":24249.228600357776}}