{"Mean":{"confidence_interval":{"confidence_level":0.95,"lower_bound":1582932.2639696833,"upper_bound":1620692.8401332346},"point_estimate":1598803.446250075,"standard_error":9822.5956809167},"Median":{"confidence_interval":{"confidence_level":0.95,"lower_bound":1572871.4145084233,"upper_bound":1591784.0},"point_estimate":1579476.6898989899,"standard_error":4813.519598015406},"MedianAbsDev":{"confidence_interval":{"confidence_level":0.95,"lower_bound":28324.27857170088,"upper_bound":46688.42041021264},"point_estimate":38038.42210009419,"standard_error":4885.627031317751},"Slope":{"confidence_interval":{"confidence_level":0.95,"lower_bound":1576872.1350029919,"upper_bound":1592331.8950704872},"point_estimate":1584244.2262450126,"standard_error":3941.38205068353},"StdDev":{"confidence_interval":{"confidence_level":0.95,"lower_bound":40395.73814731839,"upper_bound":155290.7760410068},"point_estimate":98544.23953012581,"standard_error":36081.65164307696}}