{"Mean":{"confidence_interval":{"confidence_level":0.95,"lower_bound":-0.05499436058197705,"upper_bound":0.003965021733907731},"point_estimate":-0.022588134240662194,"standard_error":0.015098796258589106},"Median":{"confidence_interval":{"confidence_level":0.95,"lower_bound":-0.008866763229890107,"upper_bound":0.012835935181812343},"point_estimate":0.0030876345124373206,"standard_error":0.005469985020064583}}