{"Mean":{"confidence_interval":{"confidence_level":0.95,"lower_bound":-0.05541628769479071,"upper_bound":0.0022575246789892614},"point_estimate":-0.02825521755400706,"standard_error":0.014769748628800337},"Median":{"confidence_interval":{"confidence_level":0.95,"lower_bound":-0.05761933343582426,"upper_bound":-0.02195752887220256},"point_estimate":-0.03982713929191495,"standard_error":0.009088769732708947}}